{
  "main": {
    "id": "b5051c8ffd6e2ad4",
    "type": "split",
    "children": [
      {
        "id": "5b7c6ac717ed6d65",
        "type": "tabs",
        "children": [
          {
            "id": "687905f1ebdf6f8a",
            "type": "leaf",
            "state": {
              "type": "markdown",
              "state": {
                "file": "Daily Notes/2023-02-12.md",
                "mode": "source",
                "source": false
              }
            }
          }
        ]
      }
    ],
    "direction": "vertical"
  },
  "left": {
    "id": "0edc7d52e3cb76d3",
    "type": "split",
    "children": [
      {
        "id": "5734147e4fbf9a68",
        "type": "tabs",
        "children": [
          {
            "id": "df940fddbb078396",
            "type": "leaf",
            "state": {
              "type": "recent-files",
              "state": {}
            }
          },
          {
            "id": "31d326cbf75dc2ac",
            "type": "leaf",
            "state": {
              "type": "file-explorer",
              "state": {
                "sortOrder": "alphabetical"
              }
            }
          },
          {
            "id": "5ec17292cf201c28",
            "type": "leaf",
            "state": {
              "type": "search",
              "state": {
                "query": "",
                "matchingCase": false,
                "explainSearch": false,
                "collapseAll": false,
                "extraContext": false,
                "sortOrder": "alphabetical"
              }
            }
          },
          {
            "id": "afec5d3e8f4a2624",
            "type": "leaf",
            "state": {
              "type": "starred",
              "state": {}
            }
          }
        ],
        "currentTab": 1
      }
    ],
    "direction": "horizontal",
    "width": 277.5
  },
  "right": {
    "id": "36a259836c29d52a",
    "type": "split",
    "children": [
      {
        "id": "a11173fe6ef4e665",
        "type": "tabs",
        "children": [
          {
            "id": "19f0476492afda8b",
            "type": "leaf",
            "state": {
              "type": "backlink",
              "state": {
                "file": "Daily Notes/2023-02-12.md",
                "collapseAll": false,
                "extraContext": false,
                "sortOrder": "alphabetical",
                "showSearch": false,
                "searchQuery": "",
                "backlinkCollapsed": false,
                "unlinkedCollapsed": true
              }
            }
          },
          {
            "id": "5318611482b7d316",
            "type": "leaf",
            "state": {
              "type": "outgoing-link",
              "state": {
                "file": "Daily Notes/2023-02-12.md",
                "linksCollapsed": false,
                "unlinkedCollapsed": true
              }
            }
          },
          {
            "id": "9b743d546dd63222",
            "type": "leaf",
            "state": {
              "type": "tag",
              "state": {
                "sortOrder": "frequency",
                "useHierarchy": true
              }
            }
          },
          {
            "id": "b24c718822d29499",
            "type": "leaf",
            "state": {
              "type": "outline",
              "state": {
                "file": "Daily Notes/2023-02-12.md"
              }
            }
          },
          {
            "id": "8b53255d582e3fbb",
            "type": "leaf",
            "state": {
              "type": "calendar",
              "state": {}
            }
          }
        ],
        "currentTab": 4
      }
    ],
    "direction": "horizontal",
    "width": 300
  },
  "left-ribbon": {
    "hiddenItems": {
      "switcher:Open quick switcher": false,
      "graph:Open graph view": false,
      "canvas:Create new canvas": false,
      "daily-notes:Open today's daily note": false,
      "templates:Insert template": false,
      "command-palette:Open command palette": false,
      "table-editor-obsidian:Advanced Tables Toolbar": false
    }
  },
  "active": "31d326cbf75dc2ac",
  "lastOpenFiles": [
    "Go/Fyne.md",
    "Daily Notes/2023-02-12.md",
    "Vault/Another File.md",
    "Vault/Like A Storm.md",
    "Vault/Microservies.md",
    "Vault/New file.md",
    "Vault/A New File.md",
    "Vault/Images/Self Health.jpg",
    "Vault/Images/Focus 1.pdf",
    "Vault/Images/Focus.pdf"
  ]
}