{
  "main": {
    "id": "e035bdc908f0633c",
    "type": "split",
    "children": [
      {
        "id": "8694df7d7b315c43",
        "type": "tabs",
        "children": [
          {
            "id": "2f33156b57c729a1",
            "type": "leaf",
            "state": {
              "type": "markdown",
              "state": {
                "file": "Travel/2019 Year End Self Appraisal - Waseem Quraishi.md",
                "mode": "preview",
                "source": false
              }
            }
          },
          {
            "id": "ad9001eafd2e28cc",
            "type": "leaf",
            "state": {
              "type": "markdown",
              "state": {
                "file": "Scratch/A New File.md",
                "mode": "source",
                "source": false
              }
            }
          },
          {
            "id": "8f92c03f4fdc005f",
            "type": "leaf",
            "state": {
              "type": "markdown",
              "state": {
                "file": "Scratch/Chevy Malibu.md",
                "mode": "source",
                "source": false
              }
            }
          },
          {
            "id": "7d172049d99f5a32",
            "type": "leaf",
            "state": {
              "type": "markdown",
              "state": {
                "file": "Scratch/Microservices.md",
                "mode": "source",
                "source": false
              }
            }
          },
          {
            "id": "c615911a11d64f58",
            "type": "leaf",
            "state": {
              "type": "markdown",
              "state": {
                "file": "Daily Notes/2023-02-12.md",
                "mode": "source",
                "source": false
              }
            }
          }
        ]
      }
    ],
    "direction": "vertical"
  },
  "left": {
    "id": "b553ba9df50d63ae",
    "type": "mobile-drawer",
    "children": [
      {
        "id": "7e850f5114eed9f8",
        "type": "leaf",
        "state": {
          "type": "file-explorer",
          "state": {
            "sortOrder": "alphabetical"
          }
        }
      },
      {
        "id": "65e1e0dca1287317",
        "type": "leaf",
        "state": {
          "type": "search",
          "state": {
            "query": "Public void",
            "matchingCase": false,
            "explainSearch": false,
            "collapseAll": false,
            "extraContext": false,
            "sortOrder": "alphabetical"
          }
        }
      },
      {
        "id": "cdc91acf5e35101d",
        "type": "leaf",
        "state": {
          "type": "tag",
          "state": {
            "sortOrder": "frequency",
            "useHierarchy": true
          }
        }
      },
      {
        "id": "a031056c7b54b6d3",
        "type": "leaf",
        "state": {
          "type": "starred",
          "state": {}
        }
      },
      {
        "id": "3a7989e79afe7573",
        "type": "leaf",
        "state": {
          "type": "recent-files",
          "state": {}
        }
      }
    ],
    "currentTab": 0
  },
  "right": {
    "id": "19080ececf0e3190",
    "type": "mobile-drawer",
    "children": [
      {
        "id": "35b12d62d376fb3b",
        "type": "leaf",
        "state": {
          "type": "backlink",
          "state": {
            "file": "Travel/2019 Year End Self Appraisal - Waseem Quraishi.md",
            "collapseAll": false,
            "extraContext": false,
            "sortOrder": "alphabetical",
            "showSearch": false,
            "searchQuery": "",
            "backlinkCollapsed": false,
            "unlinkedCollapsed": true
          }
        }
      },
      {
        "id": "d007ef20ec0f6df8",
        "type": "leaf",
        "state": {
          "type": "outgoing-link",
          "state": {
            "file": "Travel/2019 Year End Self Appraisal - Waseem Quraishi.md",
            "linksCollapsed": false,
            "unlinkedCollapsed": true
          }
        }
      },
      {
        "id": "86d8779ae1b17ad3",
        "type": "leaf",
        "state": {
          "type": "outline",
          "state": {
            "file": "Travel/2019 Year End Self Appraisal - Waseem Quraishi.md"
          }
        }
      },
      {
        "id": "391caee59b7f045d",
        "type": "leaf",
        "state": {
          "type": "advanced-tables-toolbar",
          "state": {}
        }
      },
      {
        "id": "2bf4e3f16ebcfa7b",
        "type": "leaf",
        "state": {
          "type": "calendar",
          "state": {}
        }
      }
    ],
    "currentTab": 2
  },
  "active": "86d8779ae1b17ad3",
  "lastOpenFiles": [
    "Travel/26.md",
    "Daily Notes/2023-02-12.md",
    "Scratch/Untitled.md",
    "Scratch/Untitled 1.md",
    "Daily Notes/2023-01-31.md",
    "Scratch/Another File.md",
    "Travel/Places To Travel.md",
    "Daily Notes/Untitled.md",
    "Scratch/A New File.md",
    "Scratch/Images/Lucy Binky.jpg"
  ]
}