{
  "main": {
    "id": "6afc191733692b18",
    "type": "split",
    "children": [
      {
        "id": "4b4cba2a8243c33b",
        "type": "tabs",
        "children": [
          {
            "id": "e7a72075d36e4187",
            "type": "leaf",
            "state": {
              "type": "markdown",
              "state": {
                "file": "Test.md",
                "mode": "source",
                "source": false
              }
            }
          }
        ]
      }
    ],
    "direction": "vertical"
  },
  "left": {
    "id": "dc4e4b118dbac14d",
    "type": "mobile-drawer",
    "children": [
      {
        "id": "c86bafc1ef450b3b",
        "type": "leaf",
        "state": {
          "type": "file-explorer",
          "state": {
            "sortOrder": "alphabetical"
          }
        }
      },
      {
        "id": "b1e4eddb636a0a3b",
        "type": "leaf",
        "state": {
          "type": "search",
          "state": {
            "query": "",
            "matchingCase": false,
            "explainSearch": false,
            "collapseAll": false,
            "extraContext": false,
            "sortOrder": "alphabetical"
          }
        }
      },
      {
        "id": "2dd0b7a559c86c27",
        "type": "leaf",
        "state": {
          "type": "tag",
          "state": {
            "sortOrder": "frequency",
            "useHierarchy": true
          }
        }
      },
      {
        "id": "c4abe158166ccb62",
        "type": "leaf",
        "state": {
          "type": "starred",
          "state": {}
        }
      }
    ],
    "currentTab": 0,
    "pinned": true
  },
  "right": {
    "id": "fede4f511703bf78",
    "type": "mobile-drawer",
    "children": [
      {
        "id": "8a7b6d914524b67c",
        "type": "leaf",
        "state": {
          "type": "backlink",
          "state": {
            "file": "Test.md",
            "collapseAll": false,
            "extraContext": false,
            "sortOrder": "alphabetical",
            "showSearch": false,
            "searchQuery": "",
            "backlinkCollapsed": false,
            "unlinkedCollapsed": true
          }
        }
      },
      {
        "id": "eb5649b51a2d4ec3",
        "type": "leaf",
        "state": {
          "type": "outgoing-link",
          "state": {
            "file": "Test.md",
            "linksCollapsed": false,
            "unlinkedCollapsed": true
          }
        }
      },
      {
        "id": "a3992d668750a7fe",
        "type": "leaf",
        "state": {
          "type": "outline",
          "state": {
            "file": "Test.md"
          }
        }
      }
    ],
    "currentTab": 0
  },
  "active": "e7a72075d36e4187",
  "lastOpenFiles": [
    "New note.md",
    "Another File.md",
    "Chevy Malibu.md",
    "Images/Steering Wheel.jpeg",
    "Images/Focus.pdf",
    "New file.md",
    "Test.md"
  ]
}